timestamp,coin,signal,price,short_ma,long_ma
2025-11-17 10:36:00,BTC,HOLD,95050.02,94495.259125,94239.03315999999
2025-11-17 10:40:00,BTC,HOLD,95031.88,94516.62000000001,94245.54695999999
2025-09-13 16:51:00,BTC,HOLD,115.0,115027.66,115657.23
2025-11-17 23:13:00,BTC,HOLD,93970.16,94982.62,95369.29
2025-11-18 01:14:00,BTC,HOLD,93202.98,94272.80,94788.08
2025-11-18 01:15:00,BTC,HOLD,93174.36,94265.83,94779.44
2025-11-18 01:16:00,BTC,HOLD,93118.0,94363.86,94770.50
2025-11-18 01:22:00,BTC,HOLD,93253.65,94308.64,94719.63
2025-11-20 10:47:00,BTC,HOLD,92598.84,nan,nan
